{"cameraMode":{"drawMode":0,"name":"Shaded","section":"Shading Mode"},"sceneLighting":false,"audioPlay":false,"sceneViewState":{"m_AlwaysRefresh":false,"showFog":true,"showSkybox":true,"showFlares":true,"showImageEffects":true,"showParticleSystems":true,"showVisualEffectGraphs":true,"m_FxEnabled":true},"in2DMode":false,"pivot":{"x":18.405893325805665,"y":-4.693352222442627,"z":-12.156061172485352},"rotation":{"x":0.00015082799654919654,"y":-0.9665301442146301,"z":0.2565998435020447,"w":0.0005736784660257399},"size":11.19191837310791,"orthographic":false}