{"cameraMode":{"drawMode":0,"name":"Shaded","section":"Shading Mode"},"sceneLighting":true,"audioPlay":false,"sceneViewState":{"m_AlwaysRefresh":false,"showFog":true,"showSkybox":true,"showFlares":true,"showImageEffects":true,"showParticleSystems":true,"showVisualEffectGraphs":true,"m_FxEnabled":true},"in2DMode":false,"pivot":{"x":1.5884389877319337,"y":10.267416954040528,"z":-10.304875373840332},"rotation":{"x":-0.04755664989352226,"y":0.9347289800643921,"z":-0.13697081804275514,"w":-0.3245451748371124},"size":8.399438858032227,"orthographic":false}