{"cameraMode":{"drawMode":0,"name":"Shaded","section":"Shading Mode"},"sceneLighting":true,"audioPlay":false,"sceneViewState":{"m_AlwaysRefresh":false,"showFog":true,"showSkybox":true,"showFlares":true,"showImageEffects":true,"showParticleSystems":true,"showVisualEffectGraphs":true,"m_FxEnabled":true},"in2DMode":false,"pivot":{"x":-11.49970817565918,"y":20.17514991760254,"z":9.550202369689942},"rotation":{"x":5.254415214039909e-7,"y":0.021609889343380929,"z":-0.000002194355374740553,"w":-0.9997963309288025},"size":37.302188873291019,"orthographic":false}