{"cameraMode":{"drawMode":0,"name":"Shaded","section":"Shading Mode"},"sceneLighting":true,"audioPlay":false,"sceneViewState":{"m_AlwaysRefresh":false,"showFog":true,"showSkybox":true,"showFlares":true,"showImageEffects":true,"showParticleSystems":true,"showVisualEffectGraphs":true,"m_FxEnabled":true},"in2DMode":false,"pivot":{"x":50.30486297607422,"y":60.801483154296878,"z":113.74073791503906},"rotation":{"x":0.10553037375211716,"y":-0.8485825657844544,"z":0.18486303091049195,"w":0.48439422249794009},"size":12.124354362487793,"orthographic":false}