{"cameraMode":{"drawMode":0,"name":"Shaded","section":"Shading Mode"},"sceneLighting":true,"audioPlay":false,"sceneViewState":{"m_AlwaysRefresh":false,"showFog":true,"showSkybox":true,"showFlares":true,"showImageEffects":true,"showParticleSystems":true,"showVisualEffectGraphs":true,"m_FxEnabled":true},"in2DMode":false,"pivot":{"x":-89.99333953857422,"y":13.162474632263184,"z":20.778545379638673},"rotation":{"x":-0.0003448472125455737,"y":-0.9992262721061707,"z":0.03898993134498596,"w":-0.009300673380494118},"size":14.15465259552002,"orthographic":true}