{"cameraMode":{"drawMode":0,"name":"Shaded","section":"Shading Mode"},"sceneLighting":true,"audioPlay":false,"sceneViewState":{"m_AlwaysRefresh":false,"showFog":true,"showSkybox":true,"showFlares":true,"showImageEffects":true,"showParticleSystems":true,"showVisualEffectGraphs":true,"m_FxEnabled":true},"in2DMode":false,"pivot":{"x":1.8049370050430298,"y":22.310239791870118,"z":-1.6237106323242188},"rotation":{"x":0.02481643296778202,"y":0.9669163227081299,"z":-0.2320127934217453,"w":0.10337487608194351},"size":10.042566299438477,"orthographic":false}