{"cameraMode":{"drawMode":0,"name":"Shaded","section":"Shading Mode"},"sceneLighting":true,"audioPlay":false,"sceneViewState":{"m_AlwaysRefresh":false,"showFog":true,"showSkybox":true,"showFlares":true,"showImageEffects":true,"showParticleSystems":true,"showVisualEffectGraphs":true,"m_FxEnabled":true},"in2DMode":false,"pivot":{"x":19.747390747070314,"y":-13.71468734741211,"z":-28.63374137878418},"rotation":{"x":-0.009949452243745327,"y":-0.9511377215385437,"z":0.3070986866950989,"w":-0.03082319349050522},"size":27.102859497070314,"orthographic":false}