{"cameraMode":{"drawMode":0,"name":"Shaded","section":"Shading Mode"},"sceneLighting":true,"audioPlay":false,"sceneViewState":{"m_AlwaysRefresh":false,"showFog":true,"showSkybox":true,"showFlares":true,"showImageEffects":true,"showParticleSystems":true,"showVisualEffectGraphs":true,"m_FxEnabled":true},"in2DMode":false,"pivot":{"x":8.453656196594239,"y":10.338733673095704,"z":1.7944990396499634},"rotation":{"x":0.12673623859882356,"y":-0.7250638008117676,"z":0.13869568705558778,"w":0.6625784635543823},"size":0.8219969868659973,"orthographic":false}