{"cameraMode":{"drawMode":0,"name":"Shaded","section":"Shading Mode"},"sceneLighting":true,"audioPlay":false,"sceneViewState":{"m_AlwaysRefresh":false,"showFog":true,"showSkybox":true,"showFlares":true,"showImageEffects":true,"showParticleSystems":true,"showVisualEffectGraphs":true,"m_FxEnabled":true},"in2DMode":false,"pivot":{"x":-2.3549208641052248,"y":12.30884075164795,"z":0.7762811183929443},"rotation":{"x":0.0013055161107331515,"y":-0.9959969520568848,"z":0.08837702870368958,"w":0.014635742641985417},"size":23.300212860107423,"orthographic":false}