{"cameraMode":{"drawMode":0,"name":"Shaded","section":"Shading Mode"},"sceneLighting":true,"audioPlay":false,"sceneViewState":{"m_AlwaysRefresh":false,"showFog":true,"showSkybox":true,"showFlares":true,"showImageEffects":true,"showParticleSystems":true,"showVisualEffectGraphs":true,"m_FxEnabled":true},"in2DMode":false,"pivot":{"x":-45.26839065551758,"y":-11.740583419799805,"z":-50.15866470336914},"rotation":{"x":-0.0005130504723638296,"y":-0.9876334071159363,"z":0.15685191750526429,"w":-0.0032658404670655729},"size":33.30539321899414,"orthographic":false}